Date;Open;High;Low;Close
2020.01.01;15699.53;15734.92;15674.02;15694.44
2019.12.31;15764.54;15764.66;15647.82;15667.44
2019.12.30;15765.12;15786.44;15700.17;15748.18
2019.12.27;15623.81;15737.79;15619.34;15726.46
2019.12.26;15688.14;15688.14;15571.84;15581.54
2019.12.24;15724.95;15735.30;15647.97;15659.03
2019.12.23;15691.43;15744.05;15649.73;15705.98
2019.12.20;15712.55;15739.52;15693.73;15716.53
2019.12.19;15662.12;15702.75;15622.04;15689.86
2019.12.18;15644.32;15671.20;15589.91;15653.35
2019.12.17;15511.56;15618.07;15497.04;15602.70
2019.12.16;15573.90;15578.36;15467.83;15472.95
2019.12.13;15427.92;15533.77;15423.42;15521.95
2019.12.12;15338.64;15413.56;15324.97;15371.37
2019.12.11;15244.21;15302.47;15193.17;15286.77
2019.12.10;15377.22;15377.22;15210.32;15222.75
2019.12.09;15376.71;15411.76;15293.27;15344.56
2019.12.06;15532.72;15532.72;15298.51;15338.67
2019.12.05;15561.30;15564.68;15457.85;15478.54
2019.12.04;15438.15;15532.06;15392.81;15521.26
2019.12.03;15569.42;15575.03;15415.82;15457.18
2019.12.02;15644.73;15649.70;15518.02;15545.31
2019.11.29;15675.97;15676.36;15523.34;15567.67
2019.11.28;15622.15;15668.51;15578.55;15660.07
2019.11.27;15541.77;15589.11;15517.11;15576.18
2019.11.26;15597.37;15635.33;15458.13;15492.35
2019.11.25;15390.07;15566.20;15375.78;15554.52
2019.11.22;15437.31;15437.31;15312.19;15355.38
2019.11.21;15507.97;15511.26;15398.99;15410.83
2019.11.20;15476.89;15511.53;15434.54;15461.96
2019.11.19;15389.97;15416.20;15336.09;15395.10
2019.11.18;15370.02;15400.15;15319.79;15341.05
2019.11.15;15357.15;15425.12;15324.20;15336.64
2019.11.14;15304.40;15342.79;15228.68;15313.36
2019.11.13;15404.23;15442.18;15263.31;15284.82
2019.11.11;15378.08;15411.99;15331.43;15391.45
2019.11.08;15510.99;15538.18;15353.44;15372.39
2019.11.07;15503.40;15520.95;15437.05;15507.01
2019.11.06;15410.07;15486.51;15321.29;15437.74
2019.11.05;15494.78;15500.18;15340.41;15393.76
2019.11.04;15463.83;15531.88;15423.46;15452.27
2019.11.01;15406.92;15453.24;15369.48;15409.93
2019.10.31;15373.22;15456.77;15356.32;15387.13
2019.10.30;15313.20;15357.78;15248.35;15317.96
2019.10.29;15066.65;15268.53;15043.55;15239.54
2019.10.27;15084.42;15087.92;15022.28;15047.74
2019.10.25;15030.76;15040.69;14864.76;14967.51
2019.10.24;15066.10;15099.42;14922.58;14978.50
2019.10.23;15036.32;15076.10;14952.87;15016.61
2019.10.22;15051.55;15122.70;14979.97;14996.40
2019.10.18;14929.91;15074.78;14885.61;15051.55
2019.10.17;14750.60;14925.36;14720.00;14910.83
2019.10.16;14727.38;14761.20;14676.95;14731.77
2019.10.15;14609.73;14723.19;14591.48;14681.49
2019.10.14;14573.19;14676.38;14532.43;14580.11
2019.10.11;14491.72;14605.58;14400.28;14535.99
2019.10.10;14547.83;14547.83;14429.11;14450.80
2019.10.09;14367.77;14563.47;14291.12;14555.96
2019.10.07;14465.47;14465.47;14325.37;14338.91
2019.10.04;14673.52;14678.45;14400.52;14415.63
2019.10.03;14605.71;14657.45;14521.52;14586.04
2019.10.01;14869.76;14906.16;14495.46;14645.34
2019.09.30;14917.81;14917.84;14711.04;14810.02
2019.09.27;14990.18;15013.53;14888.31;14899.79
2019.09.26;14854.84;15018.55;14848.64;14981.24
2019.09.25;15021.47;15021.47;14790.80;14819.33
2019.09.24;15071.00;15112.36;14964.39;15024.64
2019.09.23;14905.28;15151.94;14897.55;15044.91
2019.09.20;13938.89;14739.13;13876.25;14643.08
2019.09.19;14095.24;14095.24;13860.19;13900.71
2019.09.18;14090.88;14126.90;14022.19;14078.06
2019.09.17;14297.67;14297.67;14017.20;14038.13
2019.09.16;14293.92;14343.01;14241.45;14283.54
2019.09.13;14270.83;14359.56;14187.72;14351.45
2019.09.12;14313.42;14366.24;14224.87;14240.32
2019.09.11;14251.55;14308.05;14238.02;14288.49
2019.09.09;14140.75;14244.25;14081.64;14220.34
2019.09.06;14059.89;14148.02;14043.61;14137.04
2019.09.05;14041.26;14099.80;13993.61;14022.67
2019.09.04;13964.57;14016.83;13875.51;14002.77
2019.09.03;14185.46;14185.46;13923.98;13955.84
2019.08.30;14174.05;14256.44;14050.46;14234.07
2019.08.29;14203.07;14203.07;14072.32;14122.10
2019.08.28;14311.87;14337.08;14158.01;14219.71
2019.08.27;14267.20;14338.53;14223.10;14302.54
2019.08.26;14170.53;14221.89;13851.23;14209.07
2019.08.23;13799.06;13968.25;13678.41;13932.86
2019.08.22;14057.93;14057.93;13802.74;13821.18
2019.08.21;14190.07;14207.11;14043.30;14052.31
2019.08.20;14268.19;14278.31;14152.08;14193.91
2019.08.19;14286.26;14354.61;14235.25;14252.70
2019.08.16;14226.26;14253.24;14078.85;14235.18
2019.08.14;14172.33;14255.03;14100.22;14211.79
2019.08.13;14382.98;14382.98;14060.26;14083.35
2019.08.09;14295.13;14424.42;14275.79;14334.42
2019.08.08;14069.37;14256.96;14016.20;14230.48
2019.08.07;14144.50;14183.70;14004.11;14028.89
2019.08.06;13946.64;14195.70;13936.63;14128.20
2019.08.05;14088.39;14088.39;13891.20;13993.11
2019.08.02;14119.98;14264.61;13974.43;14165.40
2019.08.01;14296.83;14296.83;14033.98;14152.74
2019.07.31;14224.59;14345.92;14144.39;14324.12
2019.07.30;14441.59;14513.49;14246.66;14260.40
2019.07.29;14592.16;14592.16;14379.79;14424.07
2019.07.26;14507.74;14574.22;14451.39;14553.92
2019.07.25;14531.00;14619.58;14484.78;14503.37
2019.07.24;14627.14;14652.69;14463.46;14502.25
2019.07.23;14673.61;14690.65;14585.93;14617.72
2019.07.22;14737.58;14737.58;14567.35;14641.86
2019.07.19;15025.92;15031.20;14711.37;14736.48
2019.07.18;15108.43;15108.43;14961.62;14970.66
2019.07.17;15105.34;15142.75;15074.82;15111.61
2019.07.16;15013.54;15097.32;14966.83;15091.12
2019.07.15;15051.91;15054.74;14927.88;14991.05
2019.07.12;15023.03;15070.84;14957.50;14971.95
2019.07.11;14943.56;15000.95;14909.50;14985.77
2019.07.10;14967.49;15013.46;14862.95;14881.72
2019.07.09;14969.27;14999.48;14848.06;14970.24
2019.07.08;15278.08;15278.08;14919.49;14960.48
2019.07.05;15510.74;15527.12;15271.64;15291.98
2019.07.04;15481.35;15505.91;15461.98;15479.27
2019.07.03;15463.77;15477.50;15413.25;15450.21
2019.07.02;15420.45;15436.11;15322.48;15429.64
2019.07.01;15342.83;15401.89;15342.52;15380.24
2019.06.28;15370.11;15379.49;15273.10;15291.70
2019.06.27;15345.77;15413.82;15325.45;15350.45
2019.06.26;15235.72;15357.44;15214.12;15332.21
2019.06.25;15149.17;15268.30;15082.33;15253.60
2019.06.24;15173.42;15207.42;15113.91;15144.88
2019.06.21;15279.30;15279.60;15144.84;15172.48
2019.06.20;15071.30;15289.63;15010.74;15277.09
2019.06.19;15174.50;15254.20;15008.73;15089.68
2019.06.18;15135.95;15177.38;15066.39;15128.25
2019.06.17;15322.59;15329.98;15091.00;15106.50
2019.06.14;15446.40;15446.42;15279.35;15304.57
2019.06.13;15417.52;15444.41;15308.93;15426.80
2019.06.12;15533.02;15534.14;15405.18;15436.56
2019.06.11;15493.38;15558.14;15430.19;15524.17
2019.06.10;15473.30;15536.12;15404.54;15458.40
2019.06.07;15412.17;15453.24;15286.86;15413.04
2019.06.06;15652.50;15654.93;15380.09;15395.54
2019.06.04;15696.49;15742.11;15620.99;15636.00
2019.06.03;15551.89;15716.63;15515.66;15705.30
2019.05.31;15594.80;15657.45;15410.87;15517.90
2019.05.30;15479.26;15560.68;15456.63;15543.65
2019.05.29;15554.52;15554.58;15421.49;15447.89
2019.05.28;15563.95;15573.67;15477.05;15551.66
2019.05.27;15421.40;15556.20;15364.06;15523.60
2019.05.24;15215.35;15401.43;15144.88;15392.19
2019.05.23;15370.82;15568.10;15071.53;15123.20
2019.05.22;15197.63;15242.57;15127.94;15193.67
2019.05.21;15349.62;15375.35;15123.23;15156.71
2019.05.20;15045.46;15319.41;15016.01;15304.65
2019.05.17;14623.91;14784.23;14595.95;14767.17
2019.05.16;14515.53;14632.90;14465.56;14596.24
2019.05.15;14637.03;14668.16;14477.72;14497.75
2019.05.14;14503.64;14656.46;14424.10;14578.47
2019.05.13;14706.56;14706.56;14466.05;14495.61
2019.05.10;14741.62;14776.96;14670.16;14699.29
2019.05.09;14774.13;14781.84;14655.61;14716.32
2019.05.08;14947.13;14947.97;14767.16;14780.67
2019.05.07;15151.48;15158.44;14947.48;14958.09
2019.05.06;15155.78;15155.78;15063.26;15087.28
2019.05.03;15266.61;15297.87;15215.98;15231.50
2019.05.02;15302.21;15347.42;15235.45;15252.01
2019.04.30;15342.50;15344.85;15194.01;15293.75
2019.04.26;15302.57;15349.95;15258.08;15338.58
2019.04.25;15364.23;15432.37;15237.88;15258.15
2019.04.24;15222.79;15359.15;15186.17;15348.12
2019.04.23;15245.29;15273.47;15170.57;15188.00
2019.04.22;15421.23;15421.35;15189.60;15207.33
2019.04.18;15551.68;15570.55;15405.07;15421.87
2019.04.16;15434.44;15525.69;15434.44;15501.39
2019.04.15;15344.70;15411.01;15343.31;15388.87
2019.04.12;15288.49;15338.79;15254.45;15324.53
2019.04.11;15261.33;15277.13;15210.97;15261.38
2019.04.10;15328.05;15356.95;15235.54;15245.47
2019.04.09;15280.48;15350.04;15210.08;15337.23
2019.04.08;15385.38;15402.47;15210.41;15268.15
2019.04.05;15310.61;15374.91;15286.45;15347.23
2019.04.04;15338.07;15339.08;15205.99;15260.89
2019.04.03;15440.72;15478.35;15295.12;15312.73
2019.04.02;15417.27;15424.54;15341.34;15399.72
2019.04.01;15369.60;15463.27;15351.54;15373.98
2019.03.29;15266.20;15316.93;15242.04;15304.57
2019.03.28;15091.98;15234.53;15073.26;15215.86
2019.03.27;15114.24;15161.65;15015.60;15057.53
2019.03.26;14944.31;15085.76;14931.96;15066.84
2019.03.25;15007.65;15007.65;14869.99;14916.85
2019.03.22;15162.42;15202.33;15029.94;15051.35
2019.03.20;15185.29;15193.06;15120.21;15136.60
2019.03.19;15115.09;15168.54;15073.69;15160.68
2019.03.18;15085.01;15163.15;15022.83;15069.49
2019.03.15;14979.40;15114.96;14978.17;15045.28
2019.03.14;15002.48;15029.99;14937.29;14970.59
2019.03.13;14978.17;15006.28;14922.02;14973.72
2019.03.12;14870.35;14984.23;14869.30;14949.37
2019.03.11;14621.78;14813.53;14621.01;14797.78
2019.03.08;14621.32;14621.32;14553.63;14591.91
2019.03.07;14656.29;14662.35;14590.90;14612.15
2019.03.06;14581.15;14645.85;14575.61;14618.31
2019.03.05;14345.97;14537.61;14286.19;14532.99
2019.03.01;14247.43;14333.03;14246.80;14319.03
2019.02.28;14221.89;14244.16;14171.63;14196.80
2019.02.27;14240.60;14356.31;14105.37;14173.30
2019.02.26;14171.65;14253.28;14028.05;14186.18
2019.02.25;14177.67;14254.75;14151.99;14245.60
2019.02.22;14114.90;14151.48;14083.70;14136.76
2019.02.21;14048.12;14126.93;14015.57;14105.87
2019.02.20;13920.41;14033.41;13916.11;14019.13
2019.02.19;13888.27;13994.10;13839.50;13858.93
2019.02.18;14010.18;14027.18;13864.96;13874.99
2019.02.15;14092.59;14100.54;13886.97;13994.20
2019.02.14;14091.04;14100.00;14019.96;14064.80
2019.02.13;14189.56;14220.11;14066.46;14087.93
2019.02.12;14219.65;14248.32;14137.92;14148.34
2019.02.11;14330.25;14330.83;14190.17;14214.75
2019.02.08;14477.46;14479.71;14302.30;14323.79
2019.02.07;14471.14;14553.39;14452.50;14500.24
2019.02.06;14358.88;14468.11;14337.26;14450.95
2019.02.05;14340.30;14375.15;14303.31;14322.26
2019.02.04;14367.91;14367.91;14234.63;14338.05
2019.02.01;14319.80;14476.38;14257.99;14361.85
2019.01.31;14151.16;14287.71;14117.76;14285.11
2019.01.30;14144.94;14153.70;14038.66;14083.19
2019.01.29;14088.15;14122.56;14001.25;14075.71
2019.01.28;14284.66;14289.58;14039.03;14075.91
2019.01.25;14410.47;14479.96;14232.12;14260.83
2019.01.24;14393.30;14409.93;14339.00;14383.46
2019.01.23;14490.41;14507.45;14359.23;14379.84
2019.01.22;14524.36;14524.40;14392.74;14470.55
2019.01.21;14515.72;14580.67;14471.90;14506.57
2019.01.18;14542.73;14556.61;14450.17;14488.81
2019.01.17;14550.62;14574.39;14459.80;14524.79
2019.01.16;14534.20;14577.79;14508.36;14520.13
2019.01.15;14382.82;14523.07;14382.82;14514.43
2019.01.14;14452.98;14455.40;14297.20;14350.37
2019.01.11;14487.11;14498.23;14365.77;14422.98
2019.01.10;14487.49;14500.89;14441.80;14459.85
2019.01.09;14485.63;14506.50;14356.02;14470.17
2019.01.08;14419.19;14443.75;14352.95;14425.57
2019.01.07;14452.50;14483.96;14371.52;14389.35
2019.01.04;14322.60;14371.90;14239.57;14355.02
2019.01.03;14447.93;14481.75;14279.15;14290.85
2019.01.02;14567.63;14582.13;14382.22;14432.40
2019.01.01;14572.46;14595.97;14476.44;14587.25
2018.12.31;14569.19;14602.48;14529.23;14540.39
2018.12.28;14429.66;14550.09;14429.65;14516.04
2018.12.27;14436.69;14457.38;14382.93;14390.12
2018.12.26;14274.22;14354.48;14084.15;14334.40
2018.12.24;14435.86;14447.86;14263.68;14279.65
2018.12.21;14657.12;14681.14;14383.66;14401.20
2018.12.20;14613.84;14656.40;14568.66;14642.72
2018.12.19;14593.27;14679.41;14591.39;14661.08
2018.12.18;14507.34;14562.29;14443.20;14553.10
2018.12.17;14465.00;14530.11;14464.99;14515.94
2018.12.14;14403.90;14443.86;14350.50;14412.03
2018.12.13;14393.51;14452.50;14335.39;14390.84
2018.12.12;14080.02;14321.38;14056.30;14306.94
2018.12.11;13784.28;14056.20;13735.91;14033.22
2018.12.10;14011.98;14019.15;13890.99;13904.18
2018.12.07;14141.26;14181.64;14078.21;14170.58
2018.12.06;14258.16;14259.46;14070.21;14080.71
2018.12.05;14419.12;14421.79;14275.67;14315.92
2018.12.04;14486.78;14488.03;14427.40;14454.31
2018.12.03;14501.95;14518.88;14425.38;14469.78
2018.11.30;14441.08;14481.82;14384.59;14429.00
2018.11.29;14336.68;14420.11;14321.67;14396.33
2018.11.28;14274.42;14317.10;14240.65;14250.62
2018.11.27;14192.46;14247.64;14150.85;14237.43
2018.11.26;14138.46;14191.53;14025.38;14178.53
2018.11.22;14206.03;14231.23;14066.54;14079.47
2018.11.21;14236.56;14243.53;14111.37;14173.59
2018.11.20;14336.47;14336.47;14191.25;14208.30
2018.11.19;14310.33;14360.89;14268.24;14346.06
2018.11.16;14233.47;14286.40;14193.66;14249.66
2018.11.15;14146.51;14223.69;14105.31;14193.11
2018.11.14;14207.59;14240.13;14094.43;14143.55
2018.11.13;14053.65;14159.53;13978.07;14146.17
2018.11.12;14228.01;14254.46;14024.21;14042.74
2018.11.09;14189.02;14217.42;14105.17;14185.40
2018.11.07;14141.26;14181.64;14078.21;14170.58
2018.11.06;14122.96;14170.56;14024.70;14062.78
2018.11.05;14152.91;14153.29;14033.23;14081.57
2018.11.02;14029.49;14201.63;14020.46;14112.76
2018.11.01;13954.24;13965.75;13874.76;13915.75
2018.10.31;13681.29;13889.64;13549.92;13881.71
2018.10.30;13683.15;13730.82;13608.71;13647.10
2018.10.29;13432.52;13676.40;13352.64;13655.89
2018.10.26;13472.75;13475.35;13287.30;13352.53
2018.10.25;13488.59;13488.59;13380.78;13443.57
2018.10.24;13590.37;13643.49;13450.80;13578.40
2018.10.23;13536.11;13581.00;13408.94;13470.50
2018.10.22;13823.65;13839.84;13584.81;13602.86
2018.10.19;13824.24;13831.52;13641.78;13704.74
2018.10.17;14243.51;14273.55;13872.58;13887.26
2018.10.16;14037.14;14129.10;14008.07;14111.63
2018.10.15;14010.27;14017.91;13859.58;13978.45
2018.10.12;13704.95;13937.41;13703.34;13906.10
2018.10.11;13611.00;13737.05;13453.81;13596.82
2018.10.10;13661.85;13904.65;13625.92;13882.35
2018.10.09;13709.39;13724.92;13519.93;13585.36
2018.10.08;13696.84;13759.38;13463.28;13652.67
2018.10.05;14005.34;14005.34;13620.15;13689.97
2018.10.04;14291.87;14291.87;13987.93;14047.35
2018.10.03;14562.28;14562.28;14339.33;14365.43
2018.10.01;14457.23;14564.81;14259.64;14533.55
2018.09.28;14641.96;14666.32;14337.77;14445.89
2018.09.27;14789.78;14795.44;14572.23;14590.83
2018.09.26;14855.70;14863.22;14681.22;14745.99
2018.09.25;14666.91;14775.95;14509.70;14751.49
2018.09.24;14987.40;14995.04;14632.23;14654.49
2018.09.21;15204.57;15274.97;14473.96;14945.39
2018.09.19;15276.40;15303.42;15099.42;15139.04
2018.09.18;15399.64;15430.91;15202.06;15218.00
2018.09.17;15509.12;15509.12;15363.70;15376.69
2018.09.14;15404.43;15536.47;15404.23;15528.44
2018.09.12;15272.84;15336.20;15154.83;15325.85
2018.09.11;15494.69;15504.19;15216.13;15234.39
2018.09.10;15658.34;15661.05;15437.94;15451.73
2018.09.07;15595.85;15674.69;15512.36;15659.97
2018.09.06;15547.81;15590.96;15439.32;15563.12
2018.09.05;15557.96;15571.04;15352.69;15485.85
2018.09.04;15783.53;15799.42;15518.86;15548.65
2018.09.03;15933.48;15937.92;15720.59;15737.53
2018.08.31;15835.28;15906.13;15796.40;15846.20
2018.08.30;15843.43;15850.54;15782.94;15819.65
2018.08.29;15873.47;15888.88;15804.27;15816.48
2018.08.28;15839.14;15883.39;15807.98;15838.84
2018.08.27;15701.98;15809.23;15690.51;15796.41
2018.08.24;15675.94;15693.50;15584.50;15629.21
2018.08.23;15683.24;15703.69;15615.56;15663.77
2018.08.21;15638.23;15656.90;15597.37;15639.68
2018.08.20;15542.67;15622.04;15542.63;15605.90
2018.08.17;15437.81;15508.43;15432.26;15495.21
2018.08.16;15414.64;15460.47;15337.56;15360.75
2018.08.14;15361.65;15435.10;15346.38;15425.18
2018.08.13;15375.64;15400.23;15303.53;15323.04
2018.08.10;15516.23;15518.77;15406.56;15423.22
2018.08.09;15501.48;15523.42;15473.30;15500.19
2018.08.08;15424.71;15473.18;15387.21;15450.35
2018.08.07;15458.92;15464.41;15355.84;15391.07
2018.08.06;15420.31;15462.20;15391.34;15404.19
2018.08.03;15281.38;15369.70;15280.78;15361.14
2018.08.02;15320.91;15320.91;15205.80;15219.82
2018.08.01;15340.55;15370.63;15271.48;15312.72
2018.07.31;15279.74;15327.53;15207.56;15314.81
2018.07.30;15256.46;15275.23;15190.69;15264.35
2018.07.27;15141.87;15212.51;15124.65;15200.81
2018.07.26;15021.85;15082.07;15011.36;15059.90
2018.07.25;15031.79;15041.62;14968.99;14996.19
2018.07.24;14906.39;15002.64;14892.52;14994.47
2018.07.23;14760.76;14865.69;14754.25;14855.22
2018.07.20;14665.13;14750.76;14632.27;14735.33
2018.07.19;14744.68;14746.37;14622.10;14657.63
2018.07.18;14856.56;14873.84;14679.09;14705.78
2018.07.17;14673.31;14794.75;14627.17;14786.73
2018.07.16;14858.55;14858.55;14637.54;14649.37
2018.07.13;14916.22;14930.02;14809.31;14826.58
2018.07.12;14879.40;14979.64;14871.12;14882.13
2018.07.11;14862.49;14881.78;14806.23;14820.45
2018.07.10;14772.86;14856.79;14766.58;14847.65
2018.07.09;14650.08;14729.94;14650.08;14719.51
2018.07.06;14538.23;14651.85;14526.68;14587.74
2018.07.05;14606.98;14616.55;14527.69;14546.61
2018.07.04;14516.16;14594.64;14476.94;14584.97
2018.07.03;14468.19;14534.51;14407.25;14515.44
2018.07.02;14578.53;14586.41;14379.24;14450.23
2018.06.29;14374.88;14538.43;14372.07;14528.54
2018.06.28;14468.55;14480.31;14314.91;14337.41
2018.06.27;14655.71;14673.33;14456.35;14478.96
2018.06.26;14608.10;14690.18;14603.26;14640.97
2018.06.25;14766.38;14771.17;14631.42;14646.20
2018.06.22;14653.91;14760.25;14602.28;14743.27
2018.06.21;14744.72;14758.40;14643.97;14654.16
2018.06.20;14664.74;14727.13;14657.69;14715.02
2018.06.19;14773.33;14773.38;14635.23;14649.06
2018.06.18;14840.21;14846.03;14768.98;14777.60
2018.06.15;14851.99;14866.11;14753.80;14813.40
2018.06.14;14878.83;14881.85;14786.09;14835.89
2018.06.13;14922.67;14936.98;14872.55;14878.06
2018.06.12;14811.74;14887.89;14806.28;14873.60
2018.06.11;14784.35;14879.21;14780.30;14793.53
2018.06.08;14725.76;14781.46;14677.46;14768.92
2018.06.07;14632.65;14791.60;14632.65;14742.84
2018.06.06;14447.35;14608.79;14425.34;14595.65
2018.06.05;14550.65;14561.21;14387.37;14444.21
2018.06.04;14756.88;14770.51;14540.57;14549.80
2018.06.01;14784.94;14808.21;14660.96;14673.56
2018.05.31;14725.68;14789.75;14669.02;14765.69
2018.05.30;14662.70;14716.16;14604.48;14672.26
2018.05.29;14779.08;14805.04;14670.51;14694.60
2018.05.28;14688.34;14783.52;14673.68;14765.02
2018.05.25;14493.69;14648.31;14477.39;14620.27
2018.05.24;14408.06;14484.75;14351.64;14457.14
2018.05.23;14500.12;14518.28;14367.75;14381.92
2018.05.22;14442.64;14520.93;14406.33;14506.87
2018.05.21;14611.11;14638.21;14435.68;14449.12
2018.05.18;14765.72;14771.53;14594.15;14603.81
2018.05.17;14835.61;14842.79;14742.19;14763.20
2018.05.16;14822.33;14853.09;14716.34;14801.41
2018.05.15;14873.09;15050.01;14819.48;14851.99
2018.05.14;14935.15;14960.98;14862.13;14882.28
2018.05.11;14854.44;14944.15;14835.09;14928.11
2018.05.10;14936.97;14977.79;14819.26;14832.96
2018.05.09;14915.70;14963.65;14898.13;14924.84
2018.05.08;14963.79;14972.67;14894.91;14924.78
2018.05.07;14838.60;14932.00;14825.66;14919.88
2018.05.04;14891.42;14904.31;14786.93;14803.81
2018.05.03;14981.04;14981.04;14830.93;14876.11
2018.05.02;15102.44;15109.38;14922.26;14964.72
2018.04.30;14991.44;15064.12;14986.32;15047.73
2018.04.27;14886.19;14998.31;14885.74;14961.35
2018.04.26;14825.67;14876.44;14799.76;14867.05
2018.04.25;14869.29;14885.29;14771.23;14808.99
2018.04.24;14854.90;14901.47;14832.58;14876.23
2018.04.23;14849.51;14920.04;14799.66;14850.83
2018.04.20;14823.67;14835.30;14768.03;14817.83
2018.04.19;14790.67;14835.00;14788.95;14828.75
2018.04.18;14813.63;14851.01;14734.54;14760.19
2018.04.17;14780.51;14803.72;14723.12;14786.90
2018.04.16;14610.17;14762.70;14589.86;14751.16
2018.04.13;14674.93;14743.29;14643.92;14684.22
2018.04.12;14631.38;14679.81;14597.26;14647.00
2018.04.11;14637.26;14641.18;14543.78;14616.14
2018.04.10;14626.31;14652.12;14577.51;14603.47
2018.04.09;14546.33;14614.10;14527.69;14581.07
2018.04.06;14488.02;14547.59;14448.16;14526.25
2018.04.05;14327.29;14495.42;14323.86;14483.13
2018.04.04;14413.34;14451.98;14206.80;14219.56
2018.04.03;14282.16;14390.96;14263.50;14377.82
2018.04.02;14161.85;14307.05;14159.26;14295.11
2018.03.28;14185.07;14188.67;14106.47;14125.53
2018.03.27;14168.00;14261.50;14165.51;14216.61
2018.03.26;13923.84;14132.02;13887.84;14115.71
2018.03.23;13956.72;13961.52;13856.31;13937.09
2018.03.22;14204.02;14245.53;14092.88;14105.36
2018.03.21;14174.18;14288.31;14150.03;14180.71
2018.03.20;14064.88;14173.98;14029.25;14132.99
2018.03.19;14310.97;14312.26;14075.80;14101.12
2018.03.16;14477.86;14479.52;14257.34;14276.76
2018.03.15;14503.78;14539.87;14454.37;14469.75
2018.03.14;14462.08;14512.12;14408.95;14498.08
2018.03.13;14411.63;14559.50;14406.09;14495.87
2018.03.12;14300.42;14455.22;14300.39;14440.49
2018.03.09;14294.95;14337.96;14212.38;14234.38
2018.03.08;14228.49;14288.47;14100.69;14256.22
2018.03.07;14299.42;14310.25;14141.02;14158.53
2018.03.06;14562.78;14593.41;14277.32;14314.45
2018.03.05;14599.70;14599.88;14424.06;14467.33
2018.03.01;14666.15;14727.78;14598.56;14611.24
2018.02.28;14646.16;14710.64;14596.80;14670.49
2018.02.27;14814.52;14845.60;14713.37;14723.23
2018.02.26;14686.73;14784.52;14686.65;14774.15
2018.02.23;14478.51;14648.63;14477.43;14639.90
2018.02.22;14491.46;14503.80;14441.30;14468.09
2018.02.21;14524.98;14559.71;14454.41;14509.55
2018.02.20;14525.43;14574.91;14466.63;14482.76
2018.02.19;14635.40;14654.62;14392.50;14495.16
2018.02.16;14801.85;14855.77;14584.21;14614.53
2018.02.15;14786.58;14877.64;14710.21;14756.19
2018.02.14;14862.77;14883.14;14716.14;14761.66
2018.02.12;14730.18;14819.10;14720.82;14796.56
2018.02.09;14574.98;14680.96;14502.25;14649.94
2018.02.08;14608.03;14821.01;14586.15;14752.56
2018.02.07;14694.98;14732.72;14532.07;14562.00
2018.02.06;14380.55;14657.28;14209.33;14541.76
2018.02.05;14733.28;14825.28;14594.06;14792.53
2018.02.02;15249.35;15251.10;14866.07;14886.09
2018.02.01;15380.64;15450.21;15123.18;15329.54
2018.01.31;15396.32;15427.94;15274.86;15347.19
2018.01.30;15525.37;15528.56;15400.19;15417.84
2018.01.29;15543.22;15618.63;15519.03;15532.52
2018.01.25;15613.28;15623.06;15458.36;15514.22
2018.01.24;15626.16;15660.94;15553.53;15591.54
2018.01.23;15519.05;15639.36;15517.97;15619.31
2018.01.22;15414.35;15493.31;15369.08;15483.36
2018.01.19;15285.61;15393.43;15235.36;15378.91
2018.01.18;15423.22;15464.68;15198.56;15258.97
2018.01.17;15210.66;15342.11;15095.17;15327.56
2018.01.16;15362.52;15380.47;15192.30;15210.24
2018.01.15;15327.61;15414.34;15327.02;15341.72
2018.01.12;15301.06;15333.37;15165.22;15283.93
2018.01.11;15252.97;15297.65;15220.74;15267.12
2018.01.10;15288.19;15297.99;15184.87;15234.96
2018.01.09;15272.51;15295.07;15205.77;15250.72
2018.01.08;15179.36;15256.71;15179.36;15244.23
2018.01.05;15067.09;15147.04;15067.08;15137.99
2018.01.04;14980.54;15042.57;14942.25;15032.66
2018.01.03;14938.32;15005.80;14914.16;14931.96
2018.01.02;14972.91;15004.45;14837.22;14895.40
2018.01.01;15020.45;15056.39;14913.84;14935.58
2017.12.29;14948.62;15013.42;14948.62;15002.73
2017.12.28;14940.18;14985.35;14889.18;14916.06
2017.12.27;14993.44;15015.22;14887.48;14922.24
2017.12.26;14936.25;14974.78;14918.48;14964.43
2017.12.22;14863.73;14929.23;14863.68;14908.09
2017.12.21;14830.22;14865.45;14814.80;14844.87
2017.12.20;14834.59;14862.66;14794.44;14808.62
2017.12.19;0.00;14713.19;14811.35;14705.21
2017.12.18;14563.40;14738.74;14254.77;14660.92
2017.12.15;14543.29;14625.33;14543.29;14586.05
2017.12.14;14425.20;14477.56;14313.28;14453.18
2017.12.13;14495.82;14551.38;14369.09;14399.19
2017.12.12;14591.18;14600.72;14479.26;14487.93
2017.12.11;14575.77;14625.12;14563.35;14600.85
2017.12.08;14441.08;14551.01;14441.03;14535.58
2017.12.07;14228.47;14416.62;14225.66;14399.72
2017.12.06;14323.40;14324.32;14207.77;14216.94
2017.12.05;14322.70;14352.89;14239.24;14326.77
2017.12.04;14394.53;14414.20;14288.86;14336.17
2017.12.01;14536.18;14578.00;14317.34;14338.18
2017.11.30;14605.74;14611.96;14478.12;14493.58
2017.11.29;14665.38;14685.83;14606.03;14627.31
2017.11.28;14667.05;14699.78;14615.35;14641.92
2017.11.27;14619.48;14669.55;14580.26;14662.65
2017.11.24;14601.07;14645.41;14596.60;14628.58
2017.11.23;14559.93;14605.28;14506.77;14572.15
2017.11.22;14566.10;14591.09;14501.05;14550.08
2017.11.21;14528.83;14585.39;14507.01;14533.72
2017.11.20;14471.85;14506.71;14438.38;14493.95
2017.11.17;14455.91;14537.39;14430.50;14454.33
2017.11.16;14227.12;14366.24;14226.90;14344.02
2017.11.15;14333.60;14333.64;14164.90;14203.06
2017.11.14;14375.71;14419.58;14314.01;14328.35
2017.11.13;14524.37;14532.33;14369.16;14379.22
2017.11.10;14477.70;14531.07;14411.31;14484.86
2017.11.09;14496.93;14542.21;14388.74;14480.92
2017.11.08;14542.82;14568.67;14403.11;14435.36
2017.11.07;14712.57;14741.48;14491.10;14518.09
2017.11.06;14676.99;14731.05;14634.65;14681.83
2017.11.03;14658.98;14676.36;14600.31;14657.91
2017.11.02;14637.60;14664.07;14590.93;14620.89
2017.11.01;14544.80;14639.05;14543.99;14608.93
2017.10.31;14501.09;14522.24;14455.35;14485.57
2017.10.30;14450.63;14517.71;14446.43;14494.19
2017.10.27;14445.01;14460.36;14389.16;14405.17
2017.10.26;14360.70;14430.89;14317.62;14415.98
2017.10.25;14367.14;14406.59;14281.75;14351.96
2017.10.24;14236.67;14276.14;14207.12;14236.09
2017.10.23;14164.61;14239.85;14127.01;14198.43
2017.10.19;14266.86;14272.62;14116.65;14154.57
2017.10.18;14235.90;14258.46;14177.81;14221.15
2017.10.17;14232.52;14266.09;14208.29;14247.04
2017.10.16;14177.56;14247.65;14152.53;14220.91
2017.10.13;14101.12;14174.79;14100.79;14146.89
2017.10.12;13949.08;14083.64;13913.18;14073.21
2017.10.11;14021.96;14072.94;13874.41;13920.86
2017.10.10;13957.11;14009.18;13957.05;13988.24
2017.10.09;13934.92;13978.29;13900.52;13930.58
2017.10.06;13812.34;13920.20;13812.34;13910.16
2017.10.05;13812.06;13855.88;13776.39;13786.36
2017.10.04;13741.59;13817.93;13715.74;13786.47
2017.10.03;13704.23;13744.39;13684.23;13715.18
2017.09.29;13593.09;13702.40;13592.38;13610.70
2017.09.28;13512.06;13569.06;13427.95;13549.52
2017.09.27;13762.63;13767.59;13463.04;13488.39
2017.09.26;13693.46;13742.27;13613.01;13702.10
2017.09.25;13856.21;13864.28;13578.52;13676.28
2017.09.22;14090.86;14090.86;13817.50;13834.58
2017.09.21;14163.38;14188.52;14012.46;14110.40
2017.09.20;14205.73;14216.92;14149.84;14157.97
2017.09.19;14204.29;14205.78;14148.29;14178.10
2017.09.18;14122.66;14195.41;14122.53;14167.49
2017.09.15;14051.13;14107.43;14005.31;14077.60
2017.09.14;14117.01;14128.18;14047.53;14074.78
2017.09.13;14094.87;14139.10;14017.66;14038.26
2017.09.12;14015.07;14082.55;13991.42;14075.48
2017.09.11;13901.76;13982.66;13900.13;13953.11
2017.09.08;13888.77;13918.55;13823.03;13848.84
2017.09.07;13862.65;13908.15;13849.27;13863.40
2017.09.06;13808.97;13843.51;13754.26;13818.22
2017.09.05;13790.32;13854.71;13771.66;13841.91
2017.09.04;13874.96;13875.02;13678.31;13765.68
2017.09.01;13781.37;13871.39;13777.48;13857.59
2017.08.31;13735.26;13769.81;13695.85;13762.13
2017.08.30;13622.00;13740.06;13621.76;13716.31
2017.08.29;13715.33;13718.28;13558.75;13569.69
2017.08.28;13666.23;13733.06;13662.32;13721.44
2017.08.24;13621.36;13642.59;13592.40;13617.08
2017.08.23;13501.86;13592.35;13492.23;13586.07
2017.08.22;13512.46;13568.12;13431.81;13451.61
2017.08.21;13637.74;13661.77;13446.59;13462.74
2017.08.18;13646.78;13646.78;13517.45;13595.73
2017.08.17;13712.39;13741.67;13649.41;13671.49
2017.08.16;13564.48;13669.27;13496.37;13660.04
2017.08.14;13385.82;13540.77;13385.67;13512.71
2017.08.11;13354.24;13426.72;13245.92;13336.33
2017.08.10;13644.68;13645.48;13356.06;13438.71
2017.08.09;13770.83;13782.33;13631.36;13661.74
2017.08.08;13955.90;13968.92;13757.67;13799.70
2017.08.07;13911.00;13953.73;13897.25;13929.65
2017.08.04;13794.44;13893.80;13773.70;13879.81
2017.08.03;13911.20;13911.20;13787.60;13808.49
2017.08.02;13955.62;13963.72;13866.55;13894.31
2017.08.01;13934.41;13944.06;13895.34;13928.15
2017.07.31;13862.07;13907.26;13842.98;13897.23
2017.07.28;13822.39;13842.87;13748.97;13828.51
2017.07.27;13885.21;13947.56;13802.38;13822.04
2017.07.26;13801.30;13844.25;13789.33;13835.12
2017.07.25;13803.73;13813.15;13753.51;13776.11
2017.07.24;13732.80;13797.69;13723.61;13763.30
2017.07.21;13706.53;13724.44;13608.32;13704.49
2017.07.20;13723.88;13730.67;13658.14;13665.62
2017.07.19;13639.11;13705.56;13626.40;13699.15
2017.07.18;13621.10;13669.65;13572.82;13581.81
2017.07.17;13676.71;13706.44;13662.94;13692.47
2017.07.14;13691.37;13699.94;13596.84;13660.58
2017.07.13;13619.45;13676.05;13618.08;13664.47
2017.07.12;13542.73;13583.90;13527.66;13575.70
2017.07.11;13567.48;13594.60;13503.84;13512.45
2017.07.10;13466.14;13551.98;13460.02;13535.83
2017.07.07;13417.22;13437.19;13382.15;13409.25
2017.07.06;13396.45;13454.44;13390.37;13411.66
2017.07.05;13330.45;13376.96;13307.82;13367.72
2017.07.04;13355.08;13372.53;13285.29;13303.99
2017.07.03;13253.59;13323.38;13211.19;13314.72
2017.06.30;13125.00;13194.40;13059.68;13178.45
2017.06.29;13128.43;13211.20;13115.47;13130.59
2017.06.28;13112.49;13131.83;13052.88;13091.72
2017.06.27;13239.90;13257.47;13052.34;13102.99
2017.06.23;13338.72;13342.45;13176.58;13207.78
2017.06.22;13373.04;13431.53;13302.34;13316.08
2017.06.21;13365.94;13365.95;13318.72;13342.37
2017.06.20;13385.80;13396.88;13347.77;13362.56
2017.06.19;13330.44;13380.06;13322.40;13354.99
2017.06.16;13309.20;13339.90;13267.94;13287.83
2017.06.15;13319.93;13321.35;13252.55;13277.70
2017.06.14;13303.44;13313.68;13248.97;13303.08
2017.06.13;13300.12;13354.00;13272.52;13288.32
2017.06.12;13348.05;13348.20;13265.08;13287.07
2017.06.09;13319.81;13366.07;13277.25;13355.15
2017.06.08;13347.83;13364.61;13305.66;13318.96
2017.06.07;13297.99;13345.67;13279.22;13323.45
2017.06.06;13375.36;13378.46;13252.08;13271.80
2017.06.05;13306.58;13353.87;13290.33;13332.17
2017.06.02;13257.37;13302.04;13257.21;13290.23
2017.06.01;13198.12;13240.96;13182.46;13221.57
2017.05.31;13190.13;13229.39;13172.29;13199.15
2017.05.30;13108.98;13169.90;13060.25;13158.31
2017.05.29;13154.62;13200.55;13063.04;13112.10
2017.05.26;13022.44;13171.57;13008.58;13164.84
2017.05.25;12842.82;13016.07;12833.19;13007.44
2017.05.24;12924.09;12949.08;12781.06;12810.75
2017.05.23;13023.03;13029.56;12837.10;12893.54
2017.05.22;13121.25;13151.78;13007.07;13016.74
2017.05.19;13134.02;13206.81;12995.40;13051.03
2017.05.18;13205.59;13222.12;13070.02;13085.67
2017.05.17;13286.58;13288.81;13237.75;13270.30
2017.05.16;13221.75;13276.68;13214.54;13273.30
2017.05.15;13154.59;13200.60;13154.09;13195.46
2017.05.12;13187.01;13188.97;13076.87;13112.98
2017.05.11;13189.34;13215.77;13158.03;13167.60
2017.05.10;13058.63;13158.46;13058.29;13151.07
2017.05.09;13022.55;13052.12;13000.87;13027.62
2017.05.08;12984.03;13029.14;12976.94;13001.19
2017.05.05;13076.19;13084.26;12920.20;12945.57
2017.05.04;13050.72;13070.43;13019.90;13062.14
2017.05.03;13036.05;13052.60;12984.19;12997.91
2017.05.02;13016.89;13057.46;12941.37;13006.66
2017.04.28;13014.73;13017.09;12959.33;12979.24
2017.04.27;13013.90;13032.13;12979.88;12993.79
2017.04.26;13019.13;13053.04;12924.67;13005.91
2017.04.25;12919.14;12987.25;12908.20;12982.49
2017.04.24;12752.63;12862.69;12752.45;12854.14
2017.04.21;12794.37;12804.43;12690.34;12729.13
2017.04.20;12688.47;12752.07;12686.30;12741.44
2017.04.19;12659.88;12693.06;12616.53;12675.68
2017.04.18;12739.88;12827.24;12630.63;12643.78
2017.04.17;12716.82;12735.46;12672.77;12706.02
2017.04.13;12769.62;12773.65;12703.75;12710.75
2017.04.12;12829.80;12838.88;12690.98;12766.16
2017.04.11;12742.17;12814.14;12727.28;12809.11
2017.04.10;12742.50;12771.72;12707.65;12724.97
2017.04.07;12763.62;12804.46;12695.35;12712.39
2017.04.06;12787.56;12794.12;12736.17;12785.00
2017.04.05;12757.30;12799.63;12714.60;12789.32
2017.04.03;12674.13;12730.63;12669.36;12725.42
2017.03.31;12612.14;12650.57;12601.00;12631.90
2017.03.30;12562.79;12613.73;12557.11;12605.30
2017.03.29;12532.29;12554.84;12513.86;12547.77
2017.03.28;12463.21;12513.04;12463.21;12502.20
2017.03.27;12486.42;12491.67;12400.24;12428.98
2017.03.24;12466.99;12523.14;12466.88;12485.43
2017.03.23;12393.39;12470.93;12393.26;12454.94
2017.03.22;12440.89;12440.89;12346.72;12366.69
2017.03.21;12520.44;12527.14;12438.08;12488.63
2017.03.17;12570.58;12591.57;12497.76;12524.81
2017.03.16;12446.02;12523.35;12446.02;12516.72
2017.03.15;12384.93;12427.24;12376.92;12404.64
2017.03.14;12370.88;12415.34;12332.23;12372.51
2017.03.10;12206.99;12246.10;12151.21;12176.27
2017.03.09;12182.34;12215.51;12154.27;12178.30
2017.03.08;12229.07;12239.17;12135.25;12179.26
2017.03.07;12251.22;12253.47;12204.31;12219.59
2017.03.06;12174.55;12242.77;12174.55;12232.52
2017.03.03;12142.81;12167.62;12101.74;12156.62
2017.03.02;12296.53;12313.70;12122.63;12143.24
2017.03.01;12207.60;12271.42;12206.29;12247.98
2017.02.28;12183.68;12214.70;12158.72;12176.95
2017.02.27;12220.28;12240.36;12168.48;12176.88
2017.02.23;12214.05;12270.70;12201.78;12212.80
2017.02.22;12228.08;12256.35;12181.52;12201.17
2017.02.21;12173.48;12222.07;12155.24;12206.79
2017.02.20;12084.34;12157.47;12063.07;12152.54
2017.02.17;12107.76;12127.42;12039.52;12068.00
2017.02.16;11918.06;12011.98;11887.69;12006.41
2017.02.15;12003.85;12029.63;11885.39;11898.00
2017.02.14;12067.41;12067.49;11999.68;12017.95
2017.02.13;12092.32;12098.54;11985.08;12048.60
2017.02.10;12076.11;12099.43;12034.52;12053.91
2017.02.09;12055.89;12105.44;11977.98;12049.23
2017.02.08;12037.55;12059.64;11954.61;12032.03
2017.02.07;12065.96;12076.24;11974.23;12014.51
2017.02.06;12006.22;12073.11;12006.02;12051.26
2017.02.03;11947.69;11978.43;11921.46;11959.40
2017.02.02;11893.33;11949.30;11856.19;11924.46
2017.02.01;11673.70;11879.85;11643.62;11873.72
2017.01.31;11788.18;11788.30;11649.01;11659.94
2017.01.30;11781.32;11811.72;11750.04;11773.74
2017.01.27;11737.43;11825.55;11736.83;11783.09
2017.01.25;11596.85;11724.65;11596.80;11716.17
2017.01.24;11471.92;11572.27;11468.52;11564.65
2017.01.23;11382.51;11465.11;11372.96;11449.08
2017.01.20;11500.59;11514.38;11379.81;11388.54
2017.01.18;11495.34;11513.12;11483.11;11496.32
2017.01.17;11477.07;11504.20;11427.70;11448.45
2017.01.16;11430.27;11470.02;11400.97;11456.66
2017.01.13;11470.91;11493.35;11389.97;11423.49
2017.01.12;11418.89;11454.18;11398.46;11429.21
2017.01.11;11306.83;11413.69;11306.83;11402.48
2017.01.10;11235.97;11279.15;11235.91;11274.73
2017.01.09;11227.17;11231.32;11193.78;11203.16
2017.01.06;11263.90;11293.46;11185.21;11199.51
2017.01.05;11161.42;11247.96;11161.42;11236.35
2017.01.04;11133.86;11163.65;11110.58;11119.08
2017.01.03;11086.65;11145.85;11055.02;11119.59
2017.01.02;11071.08;11091.39;11005.66;11072.57
2016.12.30;10964.29;11056.68;10953.13;11036.44
2016.12.29;10882.52;10940.41;10818.34;10931.52
2016.12.28;10824.25;10916.10;10820.02;10829.73
2016.12.27;10636.57;10815.64;10617.28;10801.71
2016.12.26;10772.57;10775.15;10628.84;10633.98
2016.12.23;10774.00;10834.65;10725.46;10781.37
2016.12.22;10901.80;10907.26;10767.09;10782.56
2016.12.21;10945.97;10964.41;10897.74;10907.80
2016.12.20;10988.97;11008.97;10903.06;10922.72
2016.12.19;11042.96;11042.96;10972.83;10982.89
2016.12.16;11067.19;11081.51;11020.55;11031.97
2016.12.15;11045.06;11147.94;11002.38;11056.28
2016.12.14;11147.64;11153.69;11068.12;11080.37
2016.12.13;11133.83;11149.84;11088.70;11141.36
2016.12.12;11224.47;11224.48;11088.73;11108.97
2016.12.09;11239.13;11249.60;11207.21;11227.73
2016.12.08;11077.97;11214.49;11077.30;11205.17
2016.12.07;11098.17;11132.45;10992.22;11026.88
2016.12.06;11072.65;11121.04;11063.91;11074.58
2016.12.05;11002.40;11060.87;10964.51;11047.74
2016.12.02;11095.37;11095.37;10972.55;10989.25
2016.12.01;11232.89;11237.64;11124.73;11130.68
2016.11.30;11108.67;11203.12;11091.02;11195.09
2016.11.29;11067.47;11148.20;11057.48;11076.11
2016.11.28;11002.53;11071.97;10963.72;11042.10
2016.11.25;10858.46;11016.01;10836.53;11005.09
2016.11.24;10873.53;10875.90;10788.50;10821.11
2016.11.23;10859.52;10893.01;10782.49;10879.02
2016.11.22;10747.78;10825.41;10696.14;10805.10
2016.11.21;10955.93;10959.73;10675.77;10691.03
2016.11.18;10937.93;10978.19;10871.42;10920.98
2016.11.17;10958.80;11013.40;10885.67;10917.59
2016.11.16;11012.88;11087.94;10907.17;10946.59
2016.11.15;11286.42;11286.52;10917.15;10934.43
2016.11.11;11545.77;11545.81;11249.02;11270.49
2016.11.10;11599.28;11713.38;11593.22;11613.31
2016.11.09;11109.07;11508.21;10820.28;11462.20
2016.11.08;11627.28;11665.28;11569.70;11645.65
2016.11.07;11602.15;11653.86;11572.66;11595.48
2016.11.04;11629.01;11635.01;11461.39;11504.86
2016.11.03;11692.65;11739.60;11603.62;11617.59
2016.11.02;11795.04;11795.16;11681.00;11691.60
2016.11.01;11896.11;11926.95;11854.95;11862.94
2016.10.30;11909.30;11921.71;11866.12;11878.89
2016.10.28;11826.24;11871.28;11778.91;11853.37
2016.10.27;11821.15;11828.34;11723.32;11795.86
2016.10.26;11922.80;11922.80;11805.50;11833.43
2016.10.25;11951.56;11961.93;11891.31;11931.44
2016.10.24;11956.96;11987.24;11928.58;11952.74
2016.10.21;11945.98;11945.98;11880.57;11929.72
2016.10.20;11903.55;11971.67;11903.55;11927.43
2016.10.19;11910.09;11916.72;11848.91;11879.62
2016.10.18;11727.72;11888.09;11726.97;11884.20
2016.10.17;11811.09;11817.66;11668.62;11684.16
2016.10.14;11761.06;11791.76;11721.59;11774.60
2016.10.13;11909.85;11909.85;11673.27;11735.00
2016.10.10;11937.26;11969.03;11910.75;11915.63
2016.10.07;11936.37;11957.73;11862.89;11907.81
2016.10.06;11993.12;12032.26;11882.51;11923.07
2016.10.05;12006.92;12023.02;11934.49;11965.62
2016.10.04;11956.38;11980.33;11918.32;11968.00
2016.10.03;11750.62;11920.85;11747.61;11915.57
2016.09.30;11601.37;11722.65;11568.68;11700.65
2016.09.29;11933.70;11965.41;11552.51;11603.12
2016.09.28;11818.23;11909.08;11817.91;11886.38
2016.09.27;11858.18;11892.22;11797.29;11816.90
2016.09.26;11935.72;11935.72;11823.47;11833.11
2016.09.23;11987.50;12005.76;11935.45;11947.61
2016.09.22;11935.20;11991.19;11922.73;11970.49
2016.09.21;11850.88;11910.43;11826.01;11840.40
2016.09.20;11894.22;11896.33;11822.45;11839.44
2016.09.19;11857.63;11899.81;11838.30;11874.04
2016.09.16;11832.23;11941.71;11801.93;11840.67
2016.09.15;11800.56;11819.86;11758.36;11791.15
2016.09.14;11741.12;11795.69;11717.20;11788.52
2016.09.12;11851.94;11851.95;11715.79;11729.44
2016.09.09;12078.62;12078.73;11961.37;11972.58
2016.09.08;12026.71;12083.11;12004.66;12074.35
2016.09.07;12055.69;12072.58;12010.40;12020.89
2016.09.06;11888.23;12036.61;11888.05;12026.98
2016.09.02;11828.96;11869.17;11810.53;11851.03
2016.09.01;11840.57;11872.42;11782.23;11805.03
2016.08.31;11807.91;11880.02;11807.11;11834.89
2016.08.30;11664.15;11817.82;11663.73;11788.84
2016.08.29;11609.97;11638.96;11550.13;11626.39
2016.08.26;11628.04;11655.19;11565.24;11591.88
2016.08.25;11693.55;11719.08;11596.79;11608.35
2016.08.24;11649.17;11684.12;11635.74;11671.30
2016.08.23;11639.94;11647.45;11567.97;11625.18
2016.08.22;11693.15;11714.82;11618.91;11633.64
2016.08.19;11692.97;11710.32;11656.58;11681.18
2016.08.18;11623.50;11687.33;11623.27;11670.00
2016.08.17;11595.30;11643.96;11569.35;11596.86
2016.08.16;11618.78;11632.48;11537.26;11590.99
2016.08.12;11529.65;11622.13;11527.01;11598.51
2016.08.11;11508.20;11533.00;11440.36;11513.37
2016.08.10;11657.87;11661.20;11484.28;11497.06
2016.08.09;11720.23;11720.23;11596.83;11641.07
2016.08.08;11669.72;11703.80;11657.79;11690.43
2016.08.05;11493.13;11637.67;11490.18;11627.71
2016.08.04;11507.01;11514.60;11404.92;11453.45
2016.08.03;11572.02;11573.09;11411.65;11431.44
2016.08.02;11613.00;11661.16;11546.49;11552.00
2016.08.01;11614.75;11690.38;11524.09;11591.48
2016.07.29;11613.89;11633.37;11577.71;11585.96
2016.07.28;11566.62;11609.33;11555.55;11598.10
2016.07.27;11499.64;11587.01;11474.01;11532.63
2016.07.26;11555.73;11573.88;11472.46;11490.05
2016.07.25;11421.84;11542.66;11415.63;11538.83
2016.07.22;11361.43;11426.87;11337.23;11420.35
2016.07.21;11441.04;11447.88;11347.10;11353.30
2016.07.20;11336.03;11416.96;11333.34;11410.93
2016.07.19;11330.24;11348.50;11272.27;11334.01
2016.07.18;11393.52;11429.11;11301.92;11316.80
2016.07.15;11414.50;11448.53;11346.23;11361.58
2016.07.14;11343.84;11402.93;11325.09;11397.40
2016.07.13;11388.27;11396.74;11314.44;11331.39
2016.07.12;11319.65;11364.92;11307.65;11356.51
2016.07.11;11197.13;11304.04;11196.71;11297.82
2016.07.08;11170.83;11172.26;11079.52;11122.45
2016.07.07;11158.07;11178.05;11123.82;11140.36
2016.07.05;11190.99;11196.66;11120.22;11140.28
2016.07.04;11157.56;11210.46;11154.25;11172.62
2016.07.01;11052.77;11132.10;11052.72;11106.31
2016.06.30;10968.64;11045.33;10966.44;11029.45
2016.06.29;10850.08;10926.99;10848.53;10914.32
2016.06.28;10767.93;10834.03;10759.98;10812.63
2016.06.27;10699.00;10786.14;10683.85;10758.54
2016.06.24;10692.34;10717.54;10479.26;10707.39
2016.06.23;10851.10;10936.55;10829.17;10915.89
2016.06.22;10880.45;10912.09;10809.98;10852.43
2016.06.21;10906.12;10910.51;10863.94;10879.70
2016.06.20;10761.94;10895.80;10736.78;10889.34
2016.06.17;10817.53;10853.45;10768.61;10805.87
2016.06.16;10840.95;10840.95;10698.09;10776.21
2016.06.15;10771.34;10858.62;10767.47;10847.35
2016.06.14;10756.96;10759.46;10692.87;10738.95
2016.06.13;10747.67;10747.79;10665.40;10728.70
2016.06.10;10838.86;10920.28;10796.10;10801.59
2016.06.09;10911.41;10918.30;10819.48;10843.20
2016.06.08;10899.25;10920.21;10880.96;10909.15
2016.06.07;10821.86;10911.59;10821.49;10878.74
2016.06.06;10836.95;10839.79;10779.94;10800.88
2016.06.03;10853.71;10886.07;10803.86;10817.38
2016.06.02;10767.52;10835.93;10742.64;10822.35
2016.06.01;10773.55;10831.61;10763.39;10771.38
2016.05.31;10811.16;10816.18;10723.17;10761.49
2016.05.30;10763.30;10805.65;10739.60;10777.35
2016.05.27;10641.21;10749.68;10640.43;10739.61
2016.05.26;10504.53;10634.35;10488.16;10622.62
2016.05.25;10319.32;10476.52;10319.07;10470.12
2016.05.24;10277.31;10282.20;10227.56;10270.35
2016.05.23;10333.79;10358.80;10260.01;10267.57
2016.05.20;10354.91;10384.37;10276.14;10292.45
2016.05.19;10467.44;10468.76;10326.78;10342.49
2016.05.18;10452.15;10474.20;10396.34;10462.84
2016.05.17;10481.85;10535.12;10465.44;10478.28
2016.05.16;10411.50;10460.36;10351.39;10446.60
2016.05.13;10479.30;10484.97;10376.69;10399.54
2016.05.12;10439.45;10498.77;10430.57;10489.92
2016.05.11;10375.87;10464.74;10320.11;10409.63
2016.05.10;10431.24;10464.08;10403.28;10450.07
2016.05.09;10302.41;10437.15;10300.11;10428.65
2016.05.06;10264.82;10284.30;10206.43;10271.89
2016.05.05;10268.33;10320.95;10236.65;10271.52
2016.05.04;10313.87;10316.17;10228.17;10241.78
2016.05.03;10416.15;10496.20;10308.32;10322.06
2016.05.02;10399.94;10409.66;10343.60;10392.66
2016.04.29;10405.57;10456.75;10322.72;10406.12
2016.04.28;10560.11;10578.96;10390.62;10403.92
2016.04.27;10530.57;10575.85;10513.53;10557.75
2016.04.26;10396.34;10548.50;10380.53;10536.05
2016.04.25;10486.94;10487.06;10383.02;10414.28
2016.04.22;10478.37;10499.89;10441.77;10468.76
2016.04.21;10531.51;10574.96;10448.04;10476.08
2016.04.20;10514.00;10539.82;10449.64;10492.03
2016.04.18;10437.21;10480.20;10377.34;10473.90
2016.04.13;10289.52;10405.20;10289.12;10382.73
2016.04.12;10168.93;10232.16;10160.18;10220.01
2016.04.11;10059.84;10162.54;9993.33;10155.41
2016.04.08;2958160;10038.90;9980.36;10028.48
2016.04.07;10107.65;10110.60;9989.36;10002.64
2016.04.06;10074.31;10086.77;10035.54;10075.66
2016.04.05;10226.90;10226.90;10030.62;10044.97
2016.04.04;10206.57;10237.62;10172.52;10232.62
2016.04.01;10181.87;10208.54;10127.82;10179.64
2016.03.31;10171.06;10211.26;10137.41;10185.12
2016.03.30;10038.13;10163.36;10038.13;10158.03
2016.03.29;10002.10;10037.83;9948.57;9979.78
2016.03.28;10160.21;10165.08;9972.26;9998.79
2016.03.23;10132.86;10148.06;10086.90;10138.16
2016.03.22;10128.86;10146.06;10043.22;10131.23
2016.03.21;9996.26;10118.21;9992.38;10108.15
2016.03.18;9888.99;2951923;9869.72;9973.19
2016.03.17;9905.81;9956.47;9834.56;2910254
2016.03.16;9826.34;9854.19;2861493;2902918
2016.03.15;9922.68;9925.81;9813.30;9826.31
2016.03.14;9911.48;9969.63;9884.59;2926110
2016.03.11;9854.19;9926.86;9823.38;2913481
2016.03.10;9924.62;9929.17;9814.82;9854.27
2016.03.09;2893422;9914.95;9778.59;9906.77
2016.03.08;9857.67;2927114;2886299;2906176
2016.03.07;10107.65;10110.60;9989.36;10002.64
2016.03.04;9839.75;9867.40;9786.00;2904076
2016.03.03;9737.23;9821.80;9725.99;9811.57
2016.03.02;9589.66;9707.90;9589.66;9685.99
2016.03.01;9243.88;9512.00;9239.71;9499.91
2016.02.29;9266.59;9318.91;9011.98;2668495
2016.02.26;9247.60;9285.35;9189.30;9239.56
2016.02.25;9268.14;2692995;9178.81;9187.97
2016.02.24;9351.41;9352.52;9247.94;2687547
2016.02.23;9540.48;9540.56;9354.95;9370.97
2016.02.22;9509.28;9536.76;2769544;9517.77
2016.02.19;9454.48;2773988;9410.43;9476.53
2016.02.18;9426.35;9506.58;2731863;9457.66
2016.02.17;9312.14;9385.16;9163.24;2726538
2016.02.16;9519.67;9524.75;9292.81;9301.73
2016.02.15;9309.14;9501.17;9307.73;9472.97
2016.02.12;9264.83;9283.17;2605458;9215.17
2016.02.11;9559.94;9560.00;9211.57;9228.94
2016.02.10;9661.82;9661.82;9511.51;9564.38
2016.02.09;9746.26;9746.26;9660.94;9678.93
2016.02.08;9919.17;2943522;9784.78;9810.41
2016.02.05;9786.18;9922.70;9778.84;9904.23
2016.02.04;9801.71;9855.34;9719.29;9771.22
2016.02.03;9821.71;9821.71;9729.81;9741.68
2016.02.02;10033.84;10056.88;9856.71;9885.58
2016.02.01;10061.42;10077.14;10004.81;10020.70
2016.01.29;2896860;10027.93;9829.30;10014.03
2016.01.28;9869.49;9900.34;9844.65;2905565
2016.01.27;9900.65;9915.69;9838.66;9867.50
2016.01.25;9872.65;9924.18;9844.65;9854.65
2016.01.22;9687.59;9836.76;9687.58;9826.13
2016.01.21;9713.50;9799.18;9592.67;9634.83
2016.01.20;9782.65;9782.65;9567.77;9663.85
2016.01.19;2866060;9866.75;9722.37;9838.73
2016.01.18;9883.50;9916.18;9703.19;2855741
2016.01.15;10119.18;10130.90;9890.41;2921424
2016.01.14;10056.78;10175.63;9971.15;10082.75
2016.01.13;10176.07;10230.01;9949.86;10142.07
2016.01.12;10226.17;10241.37;10111.45;10133.50
2016.01.11;10216.62;10267.38;10121.99;10210.27
2016.01.08;10235.73;10304.86;10232.38;10266.94
2016.01.07;10389.34;10389.34;10183.96;10195.66
2016.01.06;10522.92;10539.77;10431.75;10451.93
2016.01.05;10526.51;10545.92;10464.69;10506.40
2016.01.04;10672.75;10679.72;10474.77;10491.53
2016.01.01;10633.25;10691.89;10610.80;10680.48
